run,source,line,mode,size_bytes,count,nranks,time_us,algbw_GB_s,busbw_GB_s,wrong,bus_factor,row_correct
hgx2,raw/hgx2.txt,70,out_of_place,8,2,16,68.52,0.0,0.0,0.0,1.875,True
hgx2,raw/hgx2.txt,70,in_place,8,2,16,24.7,0.0,0.0,0.0,1.875,True
hgx2,raw/hgx2.txt,71,out_of_place,16,4,16,24.96,0.0,0.0,0.0,1.875,True
hgx2,raw/hgx2.txt,71,in_place,16,4,16,24.93,0.0,0.0,0.0,1.875,True
hgx2,raw/hgx2.txt,72,out_of_place,32,8,16,24.93,0.0,0.0,0.0,1.875,True
hgx2,raw/hgx2.txt,72,in_place,32,8,16,25.02,0.0,0.0,0.0,1.875,True
hgx2,raw/hgx2.txt,73,out_of_place,64,16,16,25.29,0.0,0.0,0.0,1.875,True
hgx2,raw/hgx2.txt,73,in_place,64,16,16,25.21,0.0,0.0,0.0,1.875,True
hgx2,raw/hgx2.txt,74,out_of_place,128,32,16,25.68,0.0,0.01,0.0,1.875,True
hgx2,raw/hgx2.txt,74,in_place,128,32,16,25.62,0.0,0.01,0.0,1.875,True
hgx2,raw/hgx2.txt,75,out_of_place,256,64,16,94.4,0.0,0.01,0.0,1.875,True
hgx2,raw/hgx2.txt,75,in_place,256,64,16,25.9,0.01,0.02,0.0,1.875,True
hgx2,raw/hgx2.txt,76,out_of_place,512,128,16,32.35,0.02,0.03,0.0,1.875,True
hgx2,raw/hgx2.txt,76,in_place,512,128,16,26.31,0.02,0.04,0.0,1.875,True
hgx2,raw/hgx2.txt,77,out_of_place,1024,256,16,29.75,0.03,0.06,0.0,1.875,True
hgx2,raw/hgx2.txt,77,in_place,1024,256,16,26.65,0.04,0.07,0.0,1.875,True
hgx2,raw/hgx2.txt,78,out_of_place,2048,512,16,28.19,0.07,0.14,0.0,1.875,True
hgx2,raw/hgx2.txt,78,in_place,2048,512,16,28.22,0.07,0.14,0.0,1.875,True
hgx2,raw/hgx2.txt,79,out_of_place,4096,1024,16,30.24,0.14,0.25,0.0,1.875,True
hgx2,raw/hgx2.txt,79,in_place,4096,1024,16,29.72,0.14,0.26,0.0,1.875,True
hgx2,raw/hgx2.txt,80,out_of_place,8192,2048,16,32.12,0.26,0.48,0.0,1.875,True
hgx2,raw/hgx2.txt,80,in_place,8192,2048,16,31.67,0.26,0.48,0.0,1.875,True
hgx2,raw/hgx2.txt,81,out_of_place,16384,4096,16,32.74,0.5,0.94,0.0,1.875,True
hgx2,raw/hgx2.txt,81,in_place,16384,4096,16,32.24,0.51,0.95,0.0,1.875,True
hgx2,raw/hgx2.txt,82,out_of_place,32768,8192,16,34.1,0.96,1.8,0.0,1.875,True
hgx2,raw/hgx2.txt,82,in_place,32768,8192,16,33.47,0.98,1.84,0.0,1.875,True
hgx2,raw/hgx2.txt,83,out_of_place,65536,16384,16,33.84,1.94,3.63,0.0,1.875,True
hgx2,raw/hgx2.txt,83,in_place,65536,16384,16,33.08,1.98,3.71,0.0,1.875,True
hgx2,raw/hgx2.txt,84,out_of_place,131072,32768,16,38.77,3.38,6.34,0.0,1.875,True
hgx2,raw/hgx2.txt,84,in_place,131072,32768,16,38.12,3.44,6.45,0.0,1.875,True
hgx2,raw/hgx2.txt,85,out_of_place,262144,65536,16,48.67,5.39,10.1,0.0,1.875,True
hgx2,raw/hgx2.txt,85,in_place,262144,65536,16,46.79,5.6,10.5,0.0,1.875,True
hgx2,raw/hgx2.txt,86,out_of_place,524288,131072,16,77.69,6.75,12.65,0.0,1.875,True
hgx2,raw/hgx2.txt,86,in_place,524288,131072,16,70.33,7.46,13.98,0.0,1.875,True
hgx2,raw/hgx2.txt,87,out_of_place,1048576,262144,16,71.93,14.58,27.33,0.0,1.875,True
hgx2,raw/hgx2.txt,87,in_place,1048576,262144,16,71.47,14.67,27.51,0.0,1.875,True
hgx2,raw/hgx2.txt,88,out_of_place,2097152,524288,16,76.24,27.51,51.58,0.0,1.875,True
hgx2,raw/hgx2.txt,88,in_place,2097152,524288,16,76.62,27.37,51.32,0.0,1.875,True
hgx2,raw/hgx2.txt,89,out_of_place,4194304,1048576,16,94.38,44.44,83.33,0.0,1.875,True
hgx2,raw/hgx2.txt,89,in_place,4194304,1048576,16,94.22,44.52,83.47,0.0,1.875,True
hgx2,raw/hgx2.txt,90,out_of_place,8388608,2097152,16,132.6,63.24,118.57,0.0,1.875,True
hgx2,raw/hgx2.txt,90,in_place,8388608,2097152,16,131.4,63.85,119.72,0.0,1.875,True
hgx2,raw/hgx2.txt,91,out_of_place,16777216,4194304,16,185.4,90.49,169.67,0.0,1.875,True
hgx2,raw/hgx2.txt,91,in_place,16777216,4194304,16,183.8,91.29,171.16,0.0,1.875,True
hgx2,raw/hgx2.txt,92,out_of_place,33554432,8388608,16,267.9,125.23,234.81,0.0,1.875,True
hgx2,raw/hgx2.txt,92,in_place,33554432,8388608,16,267.7,125.34,235.02,0.0,1.875,True
hgx2,raw/hgx2.txt,93,out_of_place,67108864,16777216,16,466.1,143.99,269.98,0.0,1.875,True
hgx2,raw/hgx2.txt,93,in_place,67108864,16777216,16,466.3,143.91,269.83,0.0,1.875,True
hgx2,raw/hgx2.txt,94,out_of_place,134217728,33554432,16,748.3,179.35,336.29,0.0,1.875,True
hgx2,raw/hgx2.txt,94,in_place,134217728,33554432,16,749.2,179.14,335.88,0.0,1.875,True
hgx2,raw/hgx2.txt,95,out_of_place,268435456,67108864,16,1282.8,209.26,392.35,0.0,1.875,True
hgx2,raw/hgx2.txt,95,in_place,268435456,67108864,16,1276.0,210.37,394.44,0.0,1.875,True
hgx2,raw/hgx2.txt,96,out_of_place,536870912,134217728,16,2357.6,227.72,426.97,0.0,1.875,True
hgx2,raw/hgx2.txt,96,in_place,536870912,134217728,16,2355.1,227.96,427.43,0.0,1.875,True
hgx2,raw/hgx2.txt,97,out_of_place,1073741824,268435456,16,4484.9,239.41,448.9,0.0,1.875,True
hgx2,raw/hgx2.txt,97,in_place,1073741824,268435456,16,4470.2,240.2,450.37,0.0,1.875,True
hgx2,raw/hgx2.txt,98,out_of_place,2147483648,536870912,16,8729.8,245.99,461.24,0.0,1.875,True
hgx2,raw/hgx2.txt,98,in_place,2147483648,536870912,16,8717.2,246.35,461.91,0.0,1.875,True
hgx2,raw/hgx2.txt,99,out_of_place,4294967296,1073741824,16,17262.0,248.81,466.52,0.0,1.875,True
hgx2,raw/hgx2.txt,99,in_place,4294967296,1073741824,16,17284.0,248.49,465.91,0.0,1.875,True
hgx2,raw/hgx2.txt,100,out_of_place,8589934592,2147483648,16,34381.0,249.84,468.46,0.0,1.875,True
hgx2,raw/hgx2.txt,100,in_place,8589934592,2147483648,16,34365.0,249.96,468.67,0.0,1.875,True
hgx2,raw/hgx2.txt,101,out_of_place,17179869184,4294967296,16,68652.0,250.24,469.21,0.0,1.875,True
hgx2,raw/hgx2.txt,101,in_place,17179869184,4294967296,16,68668.0,250.19,469.1,0.0,1.875,True
hgx4,raw/hgx4.txt,55,out_of_place,8,2,32,83.42,0.0,0.0,0.0,1.9375,True
hgx4,raw/hgx4.txt,55,in_place,8,2,32,34.75,0.0,0.0,0.0,1.9375,True
hgx4,raw/hgx4.txt,56,out_of_place,16,4,32,34.82,0.0,0.0,0.0,1.9375,True
hgx4,raw/hgx4.txt,56,in_place,16,4,32,34.45,0.0,0.0,0.0,1.9375,True
hgx4,raw/hgx4.txt,57,out_of_place,32,8,32,34.61,0.0,0.0,0.0,1.9375,True
hgx4,raw/hgx4.txt,57,in_place,32,8,32,35.55,0.0,0.0,0.0,1.9375,True
hgx4,raw/hgx4.txt,58,out_of_place,64,16,32,34.77,0.0,0.0,0.0,1.9375,True
hgx4,raw/hgx4.txt,58,in_place,64,16,32,34.92,0.0,0.0,0.0,1.9375,True
hgx4,raw/hgx4.txt,59,out_of_place,128,32,32,35.7,0.0,0.01,0.0,1.9375,True
hgx4,raw/hgx4.txt,59,in_place,128,32,32,35.04,0.0,0.01,0.0,1.9375,True
hgx4,raw/hgx4.txt,60,out_of_place,256,64,32,107.5,0.0,0.0,0.0,1.9375,True
hgx4,raw/hgx4.txt,60,in_place,256,64,32,35.82,0.01,0.01,0.0,1.9375,True
hgx4,raw/hgx4.txt,61,out_of_place,512,128,32,56.35,0.01,0.02,0.0,1.9375,True
hgx4,raw/hgx4.txt,61,in_place,512,128,32,36.72,0.01,0.03,0.0,1.9375,True
hgx4,raw/hgx4.txt,62,out_of_place,1024,256,32,39.79,0.03,0.05,0.0,1.9375,True
hgx4,raw/hgx4.txt,62,in_place,1024,256,32,37.1,0.03,0.05,0.0,1.9375,True
hgx4,raw/hgx4.txt,63,out_of_place,2048,512,32,39.59,0.05,0.1,0.0,1.9375,True
hgx4,raw/hgx4.txt,63,in_place,2048,512,32,40.03,0.05,0.1,0.0,1.9375,True
hgx4,raw/hgx4.txt,64,out_of_place,4096,1024,32,42.18,0.1,0.19,0.0,1.9375,True
hgx4,raw/hgx4.txt,64,in_place,4096,1024,32,41.42,0.1,0.19,0.0,1.9375,True
hgx4,raw/hgx4.txt,65,out_of_place,8192,2048,32,46.84,0.17,0.34,0.0,1.9375,True
hgx4,raw/hgx4.txt,65,in_place,8192,2048,32,45.55,0.18,0.35,0.0,1.9375,True
hgx4,raw/hgx4.txt,66,out_of_place,16384,4096,32,48.51,0.34,0.65,0.0,1.9375,True
hgx4,raw/hgx4.txt,66,in_place,16384,4096,32,46.39,0.35,0.68,0.0,1.9375,True
hgx4,raw/hgx4.txt,67,out_of_place,32768,8192,32,49.13,0.67,1.29,0.0,1.9375,True
hgx4,raw/hgx4.txt,67,in_place,32768,8192,32,46.79,0.7,1.36,0.0,1.9375,True
hgx4,raw/hgx4.txt,68,out_of_place,65536,16384,32,50.83,1.29,2.5,0.0,1.9375,True
hgx4,raw/hgx4.txt,68,in_place,65536,16384,32,47.6,1.38,2.67,0.0,1.9375,True
hgx4,raw/hgx4.txt,69,out_of_place,131072,32768,32,55.87,2.35,4.55,0.0,1.9375,True
hgx4,raw/hgx4.txt,69,in_place,131072,32768,32,55.06,2.38,4.61,0.0,1.9375,True
hgx4,raw/hgx4.txt,70,out_of_place,262144,65536,32,67.82,3.87,7.49,0.0,1.9375,True
hgx4,raw/hgx4.txt,70,in_place,262144,65536,32,66.86,3.92,7.6,0.0,1.9375,True
hgx4,raw/hgx4.txt,71,out_of_place,524288,131072,32,72.88,7.19,13.94,0.0,1.9375,True
hgx4,raw/hgx4.txt,71,in_place,524288,131072,32,72.78,7.2,13.96,0.0,1.9375,True
hgx4,raw/hgx4.txt,72,out_of_place,1048576,262144,32,82.17,12.76,24.73,0.0,1.9375,True
hgx4,raw/hgx4.txt,72,in_place,1048576,262144,32,82.21,12.75,24.71,0.0,1.9375,True
hgx4,raw/hgx4.txt,73,out_of_place,2097152,524288,32,191.3,10.96,21.24,0.0,1.9375,True
hgx4,raw/hgx4.txt,73,in_place,2097152,524288,32,132.2,15.87,30.74,0.0,1.9375,True
hgx4,raw/hgx4.txt,74,out_of_place,4194304,1048576,32,151.1,27.75,53.77,0.0,1.9375,True
hgx4,raw/hgx4.txt,74,in_place,4194304,1048576,32,154.0,27.24,52.77,0.0,1.9375,True
hgx4,raw/hgx4.txt,75,out_of_place,8388608,2097152,32,217.3,38.6,74.78,0.0,1.9375,True
hgx4,raw/hgx4.txt,75,in_place,8388608,2097152,32,202.4,41.45,80.3,0.0,1.9375,True
hgx4,raw/hgx4.txt,76,out_of_place,16777216,4194304,32,259.6,64.64,125.23,0.0,1.9375,True
hgx4,raw/hgx4.txt,76,in_place,16777216,4194304,32,258.3,64.96,125.85,0.0,1.9375,True
hgx4,raw/hgx4.txt,77,out_of_place,33554432,8388608,32,376.0,89.25,172.92,0.0,1.9375,True
hgx4,raw/hgx4.txt,77,in_place,33554432,8388608,32,370.3,90.6,175.54,0.0,1.9375,True
hgx4,raw/hgx4.txt,78,out_of_place,67108864,16777216,32,579.1,115.89,224.53,0.0,1.9375,True
hgx4,raw/hgx4.txt,78,in_place,67108864,16777216,32,574.4,116.84,226.37,0.0,1.9375,True
hgx4,raw/hgx4.txt,79,out_of_place,134217728,33554432,32,990.7,135.47,262.48,0.0,1.9375,True
hgx4,raw/hgx4.txt,79,in_place,134217728,33554432,32,1013.1,132.48,256.69,0.0,1.9375,True
hgx4,raw/hgx4.txt,80,out_of_place,268435456,67108864,32,1768.0,151.83,294.16,0.0,1.9375,True
hgx4,raw/hgx4.txt,80,in_place,268435456,67108864,32,1772.4,151.46,293.45,0.0,1.9375,True
hgx4,raw/hgx4.txt,81,out_of_place,536870912,134217728,32,3109.0,172.68,334.58,0.0,1.9375,True
hgx4,raw/hgx4.txt,81,in_place,536870912,134217728,32,3111.7,172.53,334.28,0.0,1.9375,True
hgx4,raw/hgx4.txt,82,out_of_place,1073741824,268435456,32,5808.8,184.85,358.14,0.0,1.9375,True
hgx4,raw/hgx4.txt,82,in_place,1073741824,268435456,32,5802.8,185.04,358.51,0.0,1.9375,True
hgx4,raw/hgx4.txt,83,out_of_place,2147483648,536870912,32,11508.0,186.61,361.56,0.0,1.9375,True
hgx4,raw/hgx4.txt,83,in_place,2147483648,536870912,32,11501.0,186.72,361.77,0.0,1.9375,True
hgx4,raw/hgx4.txt,84,out_of_place,4294967296,1073741824,32,22890.0,187.63,363.54,0.0,1.9375,True
hgx4,raw/hgx4.txt,84,in_place,4294967296,1073741824,32,22874.0,187.76,363.79,0.0,1.9375,True
hgx4,raw/hgx4.txt,85,out_of_place,8589934592,2147483648,32,45606.0,188.35,364.93,0.0,1.9375,True
hgx4,raw/hgx4.txt,85,in_place,8589934592,2147483648,32,45573.0,188.49,365.19,0.0,1.9375,True
hgx4,raw/hgx4.txt,86,out_of_place,17179869184,4294967296,32,90986.0,188.82,365.84,0.0,1.9375,True
hgx4,raw/hgx4.txt,86,in_place,17179869184,4294967296,32,91081.0,188.62,365.46,0.0,1.9375,True
corrupt_0,raw/corrupt_0.txt,25,out_of_place,2147483648,536870912,16,282996.0,7.59,14.23,4093660000.0,1.875,False
corrupt_0,raw/corrupt_0.txt,25,in_place,2147483648,536870912,16,265491.0,8.09,15.17,4093660000.0,1.875,False
corrupt_0,raw/corrupt_0.txt,26,out_of_place,4294967296,1073741824,16,575502.0,7.46,13.99,8187340000.0,1.875,False
corrupt_0,raw/corrupt_0.txt,26,in_place,4294967296,1073741824,16,576558.0,7.45,13.97,8187260000.0,1.875,False
corrupt_0,raw/corrupt_0.txt,27,out_of_place,8589934592,2147483648,16,1247496.0,6.89,12.91,16374500000.0,1.875,False
corrupt_0,raw/corrupt_0.txt,27,in_place,8589934592,2147483648,16,1206310.0,7.12,13.35,16374600000.0,1.875,False
corrupt_0,raw/corrupt_0.txt,28,out_of_place,17179869184,4294967296,16,2533505.0,6.78,12.71,32749000000.0,1.875,False
corrupt_0,raw/corrupt_0.txt,28,in_place,17179869184,4294967296,16,2491284.0,6.9,12.93,32749200000.0,1.875,False
corrupt_1,raw/corrupt_1.txt,25,out_of_place,2147483648,536870912,16,13005.0,165.13,309.61,4093660000.0,1.875,False
corrupt_1,raw/corrupt_1.txt,25,in_place,2147483648,536870912,16,12983.0,165.41,310.14,4093660000.0,1.875,False
corrupt_1,raw/corrupt_1.txt,26,out_of_place,4294967296,1073741824,16,25673.0,167.29,313.68,8187340000.0,1.875,False
corrupt_1,raw/corrupt_1.txt,26,in_place,4294967296,1073741824,16,25499.0,168.44,315.82,8187260000.0,1.875,False
corrupt_1,raw/corrupt_1.txt,27,out_of_place,8589934592,2147483648,16,50847.0,168.94,316.76,16374500000.0,1.875,False
corrupt_1,raw/corrupt_1.txt,27,in_place,8589934592,2147483648,16,50981.0,168.49,315.93,16374600000.0,1.875,False
corrupt_1,raw/corrupt_1.txt,28,out_of_place,17179869184,4294967296,16,101287.0,169.62,318.03,32749000000.0,1.875,False
corrupt_1,raw/corrupt_1.txt,28,in_place,17179869184,4294967296,16,101821.0,168.73,316.36,32749200000.0,1.875,False
plugin_swap_0,raw/plugin_swap_0.txt,25,out_of_place,2147483648,536870912,16,290766.0,7.39,13.85,0.0,1.875,True
plugin_swap_0,raw/plugin_swap_0.txt,25,in_place,2147483648,536870912,16,283129.0,7.58,14.22,0.0,1.875,True
plugin_swap_0,raw/plugin_swap_0.txt,26,out_of_place,4294967296,1073741824,16,605728.0,7.09,13.29,0.0,1.875,True
plugin_swap_0,raw/plugin_swap_0.txt,26,in_place,4294967296,1073741824,16,579117.0,7.42,13.91,0.0,1.875,True
plugin_swap_0,raw/plugin_swap_0.txt,27,out_of_place,8589934592,2147483648,16,1224493.0,7.02,13.15,0.0,1.875,True
plugin_swap_0,raw/plugin_swap_0.txt,27,in_place,8589934592,2147483648,16,1210965.0,7.09,13.3,0.0,1.875,True
plugin_swap_0,raw/plugin_swap_0.txt,28,out_of_place,17179869184,4294967296,16,2458945.0,6.99,13.1,0.0,1.875,True
plugin_swap_0,raw/plugin_swap_0.txt,28,in_place,17179869184,4294967296,16,2503648.0,6.86,12.87,0.0,1.875,True
plugin_swap_1,raw/plugin_swap_1.txt,25,out_of_place,2147483648,536870912,16,13579.0,158.15,296.53,0.0,1.875,True
plugin_swap_1,raw/plugin_swap_1.txt,25,in_place,2147483648,536870912,16,13132.0,163.53,306.62,0.0,1.875,True
plugin_swap_1,raw/plugin_swap_1.txt,26,out_of_place,4294967296,1073741824,16,25821.0,166.34,311.88,0.0,1.875,True
plugin_swap_1,raw/plugin_swap_1.txt,26,in_place,4294967296,1073741824,16,26290.0,163.37,306.31,0.0,1.875,True
plugin_swap_1,raw/plugin_swap_1.txt,27,out_of_place,8589934592,2147483648,16,51501.0,166.79,312.74,0.0,1.875,True
plugin_swap_1,raw/plugin_swap_1.txt,27,in_place,8589934592,2147483648,16,51304.0,167.43,313.94,0.0,1.875,True
plugin_swap_1,raw/plugin_swap_1.txt,28,out_of_place,17179869184,4294967296,16,102194.0,168.11,315.21,0.0,1.875,True
plugin_swap_1,raw/plugin_swap_1.txt,28,in_place,17179869184,4294967296,16,102196.0,168.11,315.2,0.0,1.875,True
attachment_23.12,sources/result_23.12.txt,642,out_of_place,2147483648,536870912,16,11354.0,189.14,354.64,0.0,1.875,True
attachment_23.12,sources/result_23.12.txt,642,in_place,2147483648,536870912,16,11334.0,189.47,355.26,0.0,1.875,True
attachment_23.12,sources/result_23.12.txt,643,out_of_place,4294967296,1073741824,16,22310.0,192.52,360.97,0.0,1.875,True
attachment_23.12,sources/result_23.12.txt,643,in_place,4294967296,1073741824,16,22292.0,192.67,361.25,0.0,1.875,True
attachment_23.12,sources/result_23.12.txt,644,out_of_place,8589934592,2147483648,16,44356.0,193.66,363.11,0.0,1.875,True
attachment_23.12,sources/result_23.12.txt,644,in_place,8589934592,2147483648,16,44223.0,194.24,364.2,0.0,1.875,True
attachment_23.12,sources/result_23.12.txt,645,out_of_place,17179869184,4294967296,16,88221.0,194.74,365.13,0.0,1.875,True
attachment_23.12,sources/result_23.12.txt,645,in_place,17179869184,4294967296,16,88345.0,194.46,364.62,0.0,1.875,True
attachment_24.06,sources/result_24.06.txt,610,out_of_place,2147483648,536870912,16,39684.0,54.11,101.46,0.0,1.875,True
attachment_24.06,sources/result_24.06.txt,610,in_place,2147483648,536870912,16,39993.0,53.7,100.68,0.0,1.875,True
attachment_24.06,sources/result_24.06.txt,611,out_of_place,4294967296,1073741824,16,96492.0,44.51,83.46,0.0,1.875,True
attachment_24.06,sources/result_24.06.txt,611,in_place,4294967296,1073741824,16,101733.0,42.22,79.16,0.0,1.875,True
attachment_24.06,sources/result_24.06.txt,612,out_of_place,8589934592,2147483648,16,229574.0,37.42,70.16,0.0,1.875,True
attachment_24.06,sources/result_24.06.txt,612,in_place,8589934592,2147483648,16,229412.0,37.44,70.21,0.0,1.875,True
attachment_24.06,sources/result_24.06.txt,613,out_of_place,17179869184,4294967296,16,551723.0,31.14,58.38,0.0,1.875,True
attachment_24.06,sources/result_24.06.txt,613,in_place,17179869184,4294967296,16,626085.0,27.44,51.45,0.0,1.875,True
